,precision,recall,f1-score,support
0,0.5454545454545454,1.0,0.7058823529411765,6.0
1,0.45454545454545453,0.8333333333333334,0.5882352941176471,6.0
2,1.0,0.3333333333333333,0.5,6.0
3,0.6666666666666666,1.0,0.8,6.0
4,0.5714285714285714,0.6666666666666666,0.6153846153846154,6.0
5,0.6666666666666666,0.3333333333333333,0.4444444444444444,6.0
6,1.0,0.6666666666666666,0.8,6.0
7,1.0,0.5,0.6666666666666666,6.0
8,1.0,1.0,1.0,6.0
9,0.6,0.5,0.5454545454545454,6.0
10,0.8333333333333334,0.8333333333333334,0.8333333333333334,6.0
11,0.6666666666666666,1.0,0.8,6.0
12,0.7142857142857143,0.8333333333333334,0.7692307692307693,6.0
13,1.0,0.16666666666666666,0.2857142857142857,6.0
accuracy,0.6904761904761905,0.6904761904761905,0.6904761904761905,0.6904761904761905
macro avg,0.7656462585034013,0.6904761904761906,0.6681675933776774,84.0
weighted avg,0.7656462585034014,0.6904761904761905,0.6681675933776775,84.0
